fecha,municipio,ICA_real
2025-03-29,PUERTO DE COTOS,110.91666666666667
2025-03-20,PUERTO DE COTOS,106.08333333333333
2025-03-30,PUERTO DE COTOS,105.69565217391305
2025-03-21,PUERTO DE COTOS,102.04166666666667
2025-03-08,PUERTO DE COTOS,101.83333333333333
2025-03-28,PUERTO DE COTOS,101.25
2025-03-19,PUERTO DE COTOS,99.26086956521739
2025-03-26,PUERTO DE COTOS,99.04166666666667
2025-03-11,PUERTO DE COTOS,98.58333333333333
2025-03-09,PUERTO DE COTOS,94.29166666666667
2025-03-29,"ATAZAR, EL",94.16666666666667
2025-03-15,PUERTO DE COTOS,94.125
2025-03-24,PUERTO DE COTOS,93.95833333333333
2025-03-06,PUERTO DE COTOS,93.875
2025-03-23,PUERTO DE COTOS,93.33333333333333
2025-03-29,VILLA DEL PRADO,93.33333333333333
2025-03-04,PUERTO DE COTOS,92.58333333333333
2025-03-14,PUERTO DE COTOS,92.54545454545455
2025-03-16,PUERTO DE COTOS,92.45833333333333
2025-03-30,ORUSCO DE TAJUÑA,92.26086956521739
2025-03-28,"ATAZAR, EL",92.125
2025-03-22,PUERTO DE COTOS,91.75
2025-03-10,PUERTO DE COTOS,91.58333333333333
2025-03-05,PUERTO DE COTOS,91.29166666666667
2025-03-12,PUERTO DE COTOS,91.20833333333333
2025-03-17,PUERTO DE COTOS,90.70833333333333
2025-03-29,COLMENAR VIEJO,90.625
2025-03-27,PUERTO DE COTOS,90.54545454545455
2025-03-07,PUERTO DE COTOS,90.13636363636364
2025-03-13,PUERTO DE COTOS,89.66666666666667
2025-03-20,ORUSCO DE TAJUÑA,89.41666666666667
2025-03-29,ALGETE,89.29166666666667
2025-03-20,VILLAREJO DE SALVANÉS,88.9090909090909
2025-03-26,"ATAZAR, EL",88.875
2025-03-25,PUERTO DE COTOS,88.45833333333333
2025-03-30,COLMENAR VIEJO,88.30434782608695
2025-03-30,"ATAZAR, EL",87.91304347826087
2025-03-21,COLMENAR VIEJO,87.5
2025-03-03,PUERTO DE COTOS,87.20833333333333
2025-03-27,"ATAZAR, EL",87.08333333333333
2025-03-21,VILLAREJO DE SALVANÉS,87.08333333333333
2025-03-28,VILLA DEL PRADO,86.875
2025-03-29,GUADALIX DE LA SIERRA,86.79166666666667
2025-03-29,ORUSCO DE TAJUÑA,86.70833333333333
2025-03-21,ORUSCO DE TAJUÑA,86.33333333333333
2025-03-30,ALGETE,86.0
2025-03-20,VILLA DEL PRADO,85.45833333333333
2025-03-21,"ATAZAR, EL",85.45833333333333
2025-03-20,MÓSTOLES,85.45454545454545
2025-03-02,PUERTO DE COTOS,85.41666666666667
2025-03-21,ALGETE,84.79166666666667
2025-03-22,COLMENAR VIEJO,84.70833333333333
2025-03-08,"ATAZAR, EL",84.66666666666667
2025-03-08,ALGETE,84.5
2025-03-08,VILLAREJO DE SALVANÉS,84.16666666666667
2025-03-27,ALGETE,84.125
2025-03-22,VILLAREJO DE SALVANÉS,84.08333333333333
2025-03-21,GUADALIX DE LA SIERRA,84.0
2025-03-21,RIVAS-VACIAMADRID,83.83333333333333
2025-03-20,ARGANDA DEL REY,83.83333333333333
2025-03-21,MÓSTOLES,83.78947368421052
2025-03-18,PUERTO DE COTOS,83.75
2025-03-08,ORUSCO DE TAJUÑA,83.5
2025-03-27,ORUSCO DE TAJUÑA,83.41666666666667
2025-03-20,"ATAZAR, EL",83.16666666666667
2025-03-01,PUERTO DE COTOS,83.0
2025-03-14,COLMENAR VIEJO,82.95652173913044
2025-03-19,ORUSCO DE TAJUÑA,82.82608695652173
2025-03-11,VILLAREJO DE SALVANÉS,82.70833333333333
2025-03-28,GUADALIX DE LA SIERRA,82.5
2025-03-28,ALGETE,82.47619047619048
2025-03-24,"ATAZAR, EL",82.33333333333333
2025-03-08,COLMENAR VIEJO,82.25
2025-03-21,VILLA DEL PRADO,82.125
2025-03-22,ARGANDA DEL REY,82.04166666666667
2025-03-23,"ATAZAR, EL",81.95833333333333
2025-03-20,ARANJUEZ,81.875
2025-03-30,VILLAREJO DE SALVANÉS,81.82608695652173
2025-03-20,COLMENAR VIEJO,81.70833333333333
2025-03-08,GUADALIX DE LA SIERRA,81.66666666666667
2025-03-25,COLMENAR VIEJO,81.66666666666667
2025-03-11,"ATAZAR, EL",81.58333333333333
2025-03-19,ALGETE,81.58333333333333
2025-03-19,VILLAREJO DE SALVANÉS,81.54166666666667
2025-03-14,ALGETE,81.33333333333333
2025-03-09,COLMENAR VIEJO,81.33333333333333
2025-03-23,ARGANDA DEL REY,81.33333333333333
2025-03-21,ARANJUEZ,81.25
2025-03-01,COLMENAR VIEJO,81.25
2025-03-21,ARGANDA DEL REY,81.23809523809524
2025-03-22,ORUSCO DE TAJUÑA,81.20833333333333
2025-03-08,MÓSTOLES,81.20833333333333
2025-03-08,RIVAS-VACIAMADRID,81.04166666666667
2025-03-23,COLMENAR VIEJO,80.95833333333333
2025-03-22,MÓSTOLES,80.91666666666667
2025-03-27,COLMENAR VIEJO,80.875
2025-03-08,ARGANDA DEL REY,80.79166666666667
2025-03-11,ORUSCO DE TAJUÑA,80.625
2025-03-30,ARGANDA DEL REY,80.3913043478261
2025-03-22,ALGETE,80.29166666666667
2025-03-09,"ATAZAR, EL",80.29166666666667
2025-03-26,ORUSCO DE TAJUÑA,80.08333333333333
2025-03-29,VILLAREJO DE SALVANÉS,80.08333333333333
2025-03-20,RIVAS-VACIAMADRID,79.875
2025-03-30,VILLA DEL PRADO,79.82608695652173
2025-03-02,COLMENAR VIEJO,79.79166666666667
2025-03-22,RIVAS-VACIAMADRID,79.79166666666667
2025-03-26,VILLAREJO DE SALVANÉS,79.625
2025-03-22,"ATAZAR, EL",79.41666666666667
2025-03-21,TORREJÓN DE ARDOZ,79.375
2025-03-09,ORUSCO DE TAJUÑA,79.375
2025-03-29,COLLADO VILLALBA,79.125
2025-03-15,"ATAZAR, EL",79.04166666666667
2025-03-19,ARGANDA DEL REY,79.0
2025-03-14,VILLA DEL PRADO,78.95833333333333
2025-03-20,MAJADAHONDA,78.91666666666667
2025-03-19,RIVAS-VACIAMADRID,78.80952380952381
2025-03-14,ORUSCO DE TAJUÑA,78.66666666666667
2025-03-28,COLMENAR VIEJO,78.625
2025-03-08,TORREJÓN DE ARDOZ,78.625
2025-03-28,ORUSCO DE TAJUÑA,78.6086956521739
2025-03-25,"ATAZAR, EL",78.47826086956522
2025-03-16,ARGANDA DEL REY,78.33333333333333
2025-03-09,VILLAREJO DE SALVANÉS,78.20833333333333
2025-03-14,ARGANDA DEL REY,78.16666666666667
2025-03-21,MAJADAHONDA,78.10526315789474
2025-03-08,ARANJUEZ,78.04166666666667
2025-03-20,ALGETE,77.95833333333333
2025-03-15,ORUSCO DE TAJUÑA,77.95833333333333
2025-03-21,VALDEMORO,77.70833333333333
2025-03-22,GUADALIX DE LA SIERRA,77.45833333333333
2025-03-26,ALGETE,77.41666666666667
2025-03-19,"ATAZAR, EL",77.27272727272727
2025-03-09,MÓSTOLES,77.25
2025-03-21,PARLA,77.16666666666667
2025-03-23,ORUSCO DE TAJUÑA,77.04166666666667
2025-03-21,COLLADO VILLALBA,76.875
2025-03-19,ARANJUEZ,76.83333333333333
2025-03-12,"ATAZAR, EL",76.7
2025-03-18,ORUSCO DE TAJUÑA,76.58333333333333
2025-03-08,VILLA DEL PRADO,76.58333333333333
2025-03-22,TORREJÓN DE ARDOZ,76.54166666666667
2025-03-14,"ATAZAR, EL",76.54166666666667
2025-03-09,ARGANDA DEL REY,76.54166666666667
2025-03-16,"ATAZAR, EL",76.54166666666667
2025-03-20,VALDEMORO,76.375
2025-03-09,GUADALIX DE LA SIERRA,76.375
2025-03-25,ALGETE,76.33333333333333
2025-03-14,GUADALIX DE LA SIERRA,76.29166666666667
2025-03-29,ARGANDA DEL REY,76.25
2025-03-21,"ROZAS, LAS",76.20833333333333
2025-03-23,ALGETE,76.20833333333333
2025-03-19,TORREJÓN DE ARDOZ,76.125
2025-03-10,ORUSCO DE TAJUÑA,76.08333333333333
2025-03-06,VILLAREJO DE SALVANÉS,76.04166666666667
2025-03-22,ARANJUEZ,75.95833333333333
2025-03-22,VALDEMORO,75.91666666666667
2025-03-21,ALCORCÓN,75.91666666666667
2025-03-16,COLMENAR VIEJO,75.91666666666667
2025-03-10,VILLAREJO DE SALVANÉS,75.91666666666667
2025-03-08,"ROZAS, LAS",75.83333333333333
2025-03-22,PARLA,75.79166666666667
2025-03-20,PARLA,75.70833333333333
2025-03-21,FUENLABRADA,75.66666666666667
2025-03-14,RIVAS-VACIAMADRID,75.58333333333333
2025-03-22,VILLA DEL PRADO,75.45833333333333
2025-03-27,VILLA DEL PRADO,75.45833333333333
2025-03-06,"ATAZAR, EL",75.43478260869566
2025-03-23,COLLADO VILLALBA,75.41666666666667
2025-03-23,"ROZAS, LAS",75.41666666666667
2025-03-14,TORREJÓN DE ARDOZ,75.41666666666667
2025-03-22,MAJADAHONDA,75.25
2025-03-04,ORUSCO DE TAJUÑA,75.125
2025-03-14,VILLAREJO DE SALVANÉS,75.0909090909091
2025-03-25,GUADALIX DE LA SIERRA,74.95833333333333
2025-03-20,ALCORCÓN,74.875
2025-03-21,ALCALÁ DE HENARES,74.75
2025-03-22,SAN SEBASTIÁN DE LOS REYES,74.70833333333333
2025-03-08,MAJADAHONDA,74.66666666666667
2025-03-26,COLMENAR VIEJO,74.63636363636364
2025-03-20,TORREJÓN DE ARDOZ,74.625
2025-03-15,VILLAREJO DE SALVANÉS,74.54166666666667
2025-03-04,"ATAZAR, EL",74.5
2025-03-09,ALGETE,74.5
2025-03-23,VILLAREJO DE SALVANÉS,74.45833333333333
2025-03-11,COLMENAR VIEJO,74.45833333333333
2025-03-01,"ATAZAR, EL",74.41666666666667
2025-03-04,COLMENAR VIEJO,74.41666666666667
2025-03-08,ALCORCÓN,74.375
2025-03-06,ORUSCO DE TAJUÑA,74.375
2025-03-02,"ATAZAR, EL",74.33333333333333
2025-03-22,"ROZAS, LAS",74.33333333333333
2025-03-21,SAN SEBASTIÁN DE LOS REYES,74.29166666666667
2025-03-29,MAJADAHONDA,74.29166666666667
2025-03-20,"ROZAS, LAS",74.19047619047619
2025-03-23,MAJADAHONDA,74.125
2025-03-10,"ATAZAR, EL",74.125
2025-03-22,FUENLABRADA,74.0
2025-03-08,ALCALÁ DE HENARES,74.0
2025-03-30,MAJADAHONDA,73.95652173913044
2025-03-20,FUENLABRADA,73.91666666666667
2025-03-14,MÓSTOLES,73.9047619047619
2025-03-30,"ROZAS, LAS",73.83333333333333
2025-03-08,VALDEMORO,73.83333333333333
2025-03-15,COLMENAR VIEJO,73.75
2025-03-22,ALCOBENDAS,73.625
2025-03-16,ORUSCO DE TAJUÑA,73.45833333333333
2025-03-21,GETAFE,73.41666666666667
2025-03-16,ALGETE,73.375
2025-03-18,VILLAREJO DE SALVANÉS,73.29166666666667
2025-03-03,VILLAREJO DE SALVANÉS,73.25
2025-03-22,ALCORCÓN,73.16666666666667
2025-03-30,SAN MARTÍN DE VALDEIGLESIAS,73.08333333333333
2025-03-07,ORUSCO DE TAJUÑA,73.0
2025-03-20,COLLADO VILLALBA,73.0
2025-03-14,ARANJUEZ,72.91666666666667
2025-03-13,COLMENAR VIEJO,72.79166666666667
2025-03-23,GUADALIX DE LA SIERRA,72.79166666666667
2025-03-08,FUENLABRADA,72.75
2025-03-29,SAN MARTÍN DE VALDEIGLESIAS,72.75
2025-03-18,"ATAZAR, EL",72.75
2025-03-04,VILLAREJO DE SALVANÉS,72.66666666666667
2025-03-29,MÓSTOLES,72.625
2025-03-08,PARLA,72.54166666666667
2025-03-05,"ATAZAR, EL",72.5
2025-03-14,SAN SEBASTIÁN DE LOS REYES,72.45833333333333
2025-03-15,ALGETE,72.375
2025-03-10,ARGANDA DEL REY,72.375
2025-03-23,MÓSTOLES,72.375
2025-03-07,VILLAREJO DE SALVANÉS,72.23809523809524
2025-03-16,VILLAREJO DE SALVANÉS,72.20833333333333
2025-03-22,ALCALÁ DE HENARES,72.16666666666667
2025-03-22,GETAFE,72.16666666666667
2025-03-23,VILLA DEL PRADO,72.125
2025-03-11,VALDEMORO,72.04761904761905
2025-03-19,COLMENAR VIEJO,72.0
2025-03-09,ARANJUEZ,71.95833333333333
2025-03-03,COLMENAR VIEJO,71.91666666666667
2025-03-24,COLMENAR VIEJO,71.79166666666667
2025-03-08,COLLADO VILLALBA,71.75
2025-03-09,COLLADO VILLALBA,71.70833333333333
2025-03-09,RIVAS-VACIAMADRID,71.66666666666667
2025-03-21,COSLADA,71.54166666666667
2025-03-26,GUADALIX DE LA SIERRA,71.45454545454545
2025-03-19,MÓSTOLES,71.41666666666667
2025-03-28,COLLADO VILLALBA,71.375
2025-03-19,ALCALÁ DE HENARES,71.33333333333333
2025-03-22,COLLADO VILLALBA,71.29166666666667
2025-03-22,COSLADA,71.20833333333333
2025-03-16,MÓSTOLES,71.125
2025-03-14,ALCOBENDAS,71.08333333333333
2025-03-27,GUADALIX DE LA SIERRA,71.04166666666667
2025-03-29,TORREJÓN DE ARDOZ,71.0
2025-03-13,ALGETE,70.91666666666667
2025-03-01,"ROZAS, LAS",70.91666666666667
2025-03-08,SAN SEBASTIÁN DE LOS REYES,70.91666666666667
2025-03-06,ALGETE,70.875
2025-03-21,ALCOBENDAS,70.66666666666667
2025-03-26,ARGANDA DEL REY,70.625
2025-03-03,"ATAZAR, EL",70.625
2025-03-20,GETAFE,70.54166666666667
2025-03-24,MAJADAHONDA,70.5
2025-03-26,VILLA DEL PRADO,70.375
2025-03-09,"ROZAS, LAS",70.29166666666667
2025-03-24,ORUSCO DE TAJUÑA,70.29166666666667
2025-03-10,ALGETE,70.18181818181819
2025-03-11,ARGANDA DEL REY,70.125
2025-03-14,GETAFE,70.125
2025-03-01,ALGETE,70.08333333333333
2025-03-30,TORREJÓN DE ARDOZ,70.04347826086956
2025-03-05,COLMENAR VIEJO,70.04347826086956
2025-03-18,ARGANDA DEL REY,70.0
2025-03-27,ARGANDA DEL REY,69.95833333333333
2025-03-13,"ATAZAR, EL",69.875
2025-03-22,LEGANÉS,69.875
2025-03-09,ALCORCÓN,69.83333333333333
2025-03-09,PARLA,69.83333333333333
2025-03-05,VILLAREJO DE SALVANÉS,69.75
2025-03-11,ARANJUEZ,69.54545454545455
2025-03-10,COLMENAR VIEJO,69.54166666666667
2025-03-02,"ROZAS, LAS",69.5
2025-03-24,MÓSTOLES,69.45833333333333
2025-03-01,ORUSCO DE TAJUÑA,69.375
2025-03-08,COSLADA,69.33333333333333
2025-03-02,ALGETE,69.25
2025-03-30,ALCOBENDAS,69.21739130434783
2025-03-24,"ROZAS, LAS",69.125
2025-03-25,ORUSCO DE TAJUÑA,69.125
2025-03-21,LEGANÉS,69.0
2025-03-16,GUADALIX DE LA SIERRA,68.95833333333333
2025-03-23,ALCORCÓN,68.91666666666667
2025-03-07,"ATAZAR, EL",68.83333333333333
2025-03-10,ARANJUEZ,68.79166666666667
2025-03-24,PARLA,68.78260869565217
2025-03-29,ALCOBENDAS,68.75
2025-03-20,SAN SEBASTIÁN DE LOS REYES,68.70833333333333
2025-03-28,VILLAREJO DE SALVANÉS,68.58333333333333
2025-03-05,ORUSCO DE TAJUÑA,68.5
2025-03-11,MÓSTOLES,68.45833333333333
2025-03-10,MÓSTOLES,68.41666666666667
2025-03-01,MAJADAHONDA,68.41666666666667
2025-03-30,ARANJUEZ,68.3913043478261
2025-03-14,MAJADAHONDA,68.33333333333333
2025-03-20,GUADALIX DE LA SIERRA,68.25
2025-03-30,RIVAS-VACIAMADRID,68.20833333333333
2025-03-14,PARLA,68.16666666666667
2025-03-03,ORUSCO DE TAJUÑA,68.125
2025-03-08,ALCOBENDAS,68.125
2025-03-29,ALCORCÓN,68.08333333333333
2025-03-06,COLMENAR VIEJO,68.08333333333333
2025-03-30,GUADALIX DE LA SIERRA,68.08333333333333
2025-03-12,ORUSCO DE TAJUÑA,68.04545454545455
2025-03-27,TORREJÓN DE ARDOZ,68.04166666666667
2025-03-23,PARLA,68.0
2025-03-19,PARLA,68.0
2025-03-23,GETAFE,67.91666666666667
2025-03-24,VILLAREJO DE SALVANÉS,67.875
2025-03-23,TORREJÓN DE ARDOZ,67.83333333333333
2025-03-30,MÓSTOLES,67.69565217391305
2025-03-08,GETAFE,67.66666666666667
2025-03-25,VILLA DEL PRADO,67.6086956521739
2025-03-16,RIVAS-VACIAMADRID,67.58333333333333
2025-03-21,POZUELO DE ALARCÓN,67.58333333333333
2025-03-24,ALCORCÓN,67.57142857142857
2025-03-29,"ROZAS, LAS",67.5
2025-03-11,ALGETE,67.41666666666667
2025-03-18,RIVAS-VACIAMADRID,67.375
2025-03-14,ALCALÁ DE HENARES,67.33333333333333
2025-03-01,VILLAREJO DE SALVANÉS,67.29166666666667
2025-03-21,SAN MARTÍN DE VALDEIGLESIAS,67.25
2025-03-24,VALDEMORO,67.25
2025-03-19,VILLA DEL PRADO,67.25
2025-03-12,ARGANDA DEL REY,67.19047619047619
2025-03-11,GUADALIX DE LA SIERRA,67.16666666666667
2025-03-06,ARANJUEZ,67.16666666666667
2025-03-28,SAN MARTÍN DE VALDEIGLESIAS,67.16666666666667
2025-03-20,LEGANÉS,67.16666666666667
2025-03-09,FUENLABRADA,67.08333333333333
2025-03-10,RIVAS-VACIAMADRID,67.08333333333333
2025-03-20,SAN MARTÍN DE VALDEIGLESIAS,66.91666666666667
2025-03-19,FUENLABRADA,66.9047619047619
2025-03-01,RIVAS-VACIAMADRID,66.875
2025-03-11,VILLA DEL PRADO,66.875
2025-03-09,TORREJÓN DE ARDOZ,66.875
2025-03-19,VALDEMORO,66.875
2025-03-24,ARGANDA DEL REY,66.83333333333333
2025-03-14,"ROZAS, LAS",66.83333333333333
2025-03-07,ARANJUEZ,66.82608695652173
2025-03-14,VALDEMORO,66.75
2025-03-20,ALCALÁ DE HENARES,66.75
2025-03-19,MAJADAHONDA,66.66666666666667
2025-03-28,ARGANDA DEL REY,66.5909090909091
2025-03-01,VILLA DEL PRADO,66.58333333333333
2025-03-22,POZUELO DE ALARCÓN,66.58333333333333
2025-03-01,COLLADO VILLALBA,66.5
2025-03-24,COSLADA,66.45833333333333
2025-03-17,COLMENAR VIEJO,66.41666666666667
2025-03-28,MAJADAHONDA,66.34782608695652
2025-03-08,LEGANÉS,66.29166666666667
2025-03-14,FUENLABRADA,66.29166666666667
2025-03-23,FUENLABRADA,66.25
2025-03-30,VALDEMORO,66.21739130434783
2025-03-14,LEGANÉS,66.16666666666667
2025-03-30,FUENLABRADA,66.1304347826087
2025-03-01,GUADALIX DE LA SIERRA,66.125
2025-03-19,COSLADA,66.0952380952381
2025-03-18,ALGETE,66.08333333333333
2025-03-24,FUENLABRADA,66.04166666666667
2025-03-14,ALCORCÓN,66.04166666666667
2025-03-29,FUENLABRADA,66.04166666666667
2025-03-19,SAN SEBASTIÁN DE LOS REYES,65.95833333333333
2025-03-16,ALCORCÓN,65.83333333333333
2025-03-02,VILLA DEL PRADO,65.79166666666667
2025-03-18,COLMENAR VIEJO,65.76190476190476
2025-03-02,COLLADO VILLALBA,65.75
2025-03-14,COSLADA,65.70833333333333
2025-03-02,ORUSCO DE TAJUÑA,65.66666666666667
2025-03-17,"ATAZAR, EL",65.66666666666667
2025-03-23,RIVAS-VACIAMADRID,65.58333333333333
2025-03-09,MAJADAHONDA,65.54166666666667
2025-03-02,MAJADAHONDA,65.54166666666667
2025-03-16,PARLA,65.45833333333333
2025-03-24,ALGETE,65.45833333333333
2025-03-28,TORREJÓN DE ARDOZ,65.33333333333333
2025-03-09,VILLA DEL PRADO,65.25
2025-03-23,ARANJUEZ,65.25
2025-03-09,VALDEMORO,65.25
2025-03-09,ALCALÁ DE HENARES,65.125
2025-03-09,ALCOBENDAS,65.08333333333333
2025-03-07,ALGETE,65.0
2025-03-29,RIVAS-VACIAMADRID,64.95833333333333
2025-03-02,VILLAREJO DE SALVANÉS,64.95833333333333
2025-03-19,GUADALIX DE LA SIERRA,64.91666666666667
2025-03-20,ALCOBENDAS,64.91304347826087
2025-03-26,RIVAS-VACIAMADRID,64.85714285714286
2025-03-02,RIVAS-VACIAMADRID,64.83333333333333
2025-03-13,ORUSCO DE TAJUÑA,64.79166666666667
2025-03-16,ARANJUEZ,64.79166666666667
2025-03-20,COSLADA,64.79166666666667
2025-03-17,ORUSCO DE TAJUÑA,64.79166666666667
2025-03-16,ALCOBENDAS,64.75
2025-03-13,GUADALIX DE LA SIERRA,64.70833333333333
2025-03-04,ALGETE,64.5909090909091
2025-03-27,GETAFE,64.5
2025-03-07,MÓSTOLES,64.5
2025-03-17,VILLAREJO DE SALVANÉS,64.41666666666667
2025-03-29,SAN SEBASTIÁN DE LOS REYES,64.41666666666667
2025-03-30,PARLA,64.375
2025-03-16,FUENLABRADA,64.29166666666667
2025-03-15,GUADALIX DE LA SIERRA,64.25
2025-03-12,VILLAREJO DE SALVANÉS,64.08333333333333
2025-03-05,ALGETE,64.04166666666667
2025-03-19,ALCORCÓN,63.958333333333336
2025-03-11,COLLADO VILLALBA,63.875
2025-03-10,TORREJÓN DE ARDOZ,63.875
2025-03-10,GUADALIX DE LA SIERRA,63.81818181818182
2025-03-27,SAN MARTÍN DE VALDEIGLESIAS,63.75
2025-03-30,COLLADO VILLALBA,63.69565217391305
2025-03-12,MÓSTOLES,63.666666666666664
2025-03-03,ALGETE,63.666666666666664
2025-03-23,ALCOBENDAS,63.625
2025-03-24,GETAFE,63.625
2025-03-29,ARANJUEZ,63.625
2025-03-23,VALDEMORO,63.625
2025-03-18,TORREJÓN DE ARDOZ,63.59090909090909
2025-03-01,MÓSTOLES,63.583333333333336
2025-03-11,MAJADAHONDA,63.583333333333336
2025-03-29,ALCALÁ DE HENARES,63.5
2025-03-11,PARLA,63.47826086956522
2025-03-20,POZUELO DE ALARCÓN,63.416666666666664
2025-03-09,GETAFE,63.291666666666664
2025-03-09,COSLADA,63.291666666666664
2025-03-19,GETAFE,63.25
2025-03-02,SAN SEBASTIÁN DE LOS REYES,63.166666666666664
2025-03-12,GUADALIX DE LA SIERRA,63.166666666666664
2025-03-19,"ROZAS, LAS",63.166666666666664
2025-03-01,ALCOBENDAS,63.125
2025-03-19,COLLADO VILLALBA,63.125
2025-03-02,GUADALIX DE LA SIERRA,63.125
2025-03-22,SAN MARTÍN DE VALDEIGLESIAS,63.125
2025-03-25,VILLAREJO DE SALVANÉS,63.125
2025-03-24,COLLADO VILLALBA,63.083333333333336
2025-03-07,GUADALIX DE LA SIERRA,63.041666666666664
2025-03-01,TORREJÓN DE ARDOZ,63.041666666666664
2025-03-07,COLMENAR VIEJO,63.0
2025-03-14,SAN MARTÍN DE VALDEIGLESIAS,62.916666666666664
2025-03-10,ALCALÁ DE HENARES,62.78260869565217
2025-03-25,COLLADO VILLALBA,62.75
2025-03-16,MAJADAHONDA,62.75
2025-03-18,ARANJUEZ,62.714285714285715
2025-03-16,TORREJÓN DE ARDOZ,62.666666666666664
2025-03-16,GETAFE,62.625
2025-03-04,"ROZAS, LAS",62.608695652173914
2025-03-23,LEGANÉS,62.583333333333336
2025-03-24,SAN MARTÍN DE VALDEIGLESIAS,62.541666666666664
2025-03-08,POZUELO DE ALARCÓN,62.5
2025-03-13,ALCOBENDAS,62.5
2025-03-06,LEGANÉS,62.458333333333336
2025-03-16,"ROZAS, LAS",62.375
2025-03-16,VALDEMORO,62.375
2025-03-24,VILLA DEL PRADO,62.291666666666664
2025-03-14,COLLADO VILLALBA,62.26086956521739
2025-03-29,VALDEMORO,62.25
2025-03-02,ARGANDA DEL REY,62.166666666666664
2025-03-24,GUADALIX DE LA SIERRA,62.166666666666664
2025-03-14,POZUELO DE ALARCÓN,62.041666666666664
2025-03-19,ALCOBENDAS,62.0
2025-03-27,MAJADAHONDA,61.958333333333336
2025-03-15,ARGANDA DEL REY,61.958333333333336
2025-03-26,GETAFE,61.8
2025-03-12,COLMENAR VIEJO,61.75
2025-03-15,VILLA DEL PRADO,61.75
2025-03-23,SAN SEBASTIÁN DE LOS REYES,61.666666666666664
2025-03-30,ALCALÁ DE HENARES,61.65217391304348
2025-03-07,ARGANDA DEL REY,61.625
2025-03-23,POZUELO DE ALARCÓN,61.625
2025-03-30,GETAFE,61.541666666666664
2025-03-11,FUENLABRADA,61.5
2025-03-13,ARGANDA DEL REY,61.458333333333336
2025-03-28,ALCOBENDAS,61.458333333333336
2025-03-25,ALCOBENDAS,61.416666666666664
2025-03-02,TORREJÓN DE ARDOZ,61.291666666666664
2025-03-25,TORREJÓN DE ARDOZ,61.18181818181818
2025-03-26,MAJADAHONDA,61.166666666666664
2025-03-29,COSLADA,61.166666666666664
2025-03-18,ALCALÁ DE HENARES,61.166666666666664
2025-03-12,FUENLABRADA,61.1578947368421
2025-03-08,SAN MARTÍN DE VALDEIGLESIAS,61.083333333333336
2025-03-16,LEGANÉS,61.041666666666664
2025-03-26,"ROZAS, LAS",60.95238095238095
2025-03-09,LEGANÉS,60.875
2025-03-10,ALCORCÓN,60.85
2025-03-11,ALCORCÓN,60.833333333333336
2025-03-23,SAN MARTÍN DE VALDEIGLESIAS,60.75
2025-03-18,GUADALIX DE LA SIERRA,60.69565217391305
2025-03-12,MAJADAHONDA,60.68181818181818
2025-03-24,ARANJUEZ,60.583333333333336
2025-03-13,VILLAREJO DE SALVANÉS,60.541666666666664
2025-03-25,MAJADAHONDA,60.5
2025-03-02,ALCOBENDAS,60.458333333333336
2025-03-04,VILLA DEL PRADO,60.291666666666664
2025-03-10,MAJADAHONDA,60.208333333333336
2025-03-25,SAN MARTÍN DE VALDEIGLESIAS,60.18181818181818
2025-03-15,MÓSTOLES,60.166666666666664
2025-03-30,COSLADA,60.08695652173913
2025-03-09,SAN SEBASTIÁN DE LOS REYES,60.041666666666664
2025-03-06,GUADALIX DE LA SIERRA,60.041666666666664
2025-03-27,RIVAS-VACIAMADRID,60.041666666666664
2025-03-28,RIVAS-VACIAMADRID,60.041666666666664
2025-03-16,VILLA DEL PRADO,59.958333333333336
2025-03-10,COLLADO VILLALBA,59.916666666666664
2025-03-12,VALDEMORO,59.916666666666664
2025-03-29,LEGANÉS,59.875
2025-03-28,"ROZAS, LAS",59.75
2025-03-24,LEGANÉS,59.68421052631579
2025-03-12,PARLA,59.583333333333336
2025-03-27,ARANJUEZ,59.541666666666664
2025-03-10,PARLA,59.5
2025-03-13,TORREJÓN DE ARDOZ,59.458333333333336
2025-03-18,VILLA DEL PRADO,59.458333333333336
2025-03-27,VILLAREJO DE SALVANÉS,59.45454545454545
2025-03-13,MÓSTOLES,59.416666666666664
2025-03-15,ARANJUEZ,59.375
2025-03-26,MÓSTOLES,59.375
2025-03-30,SAN SEBASTIÁN DE LOS REYES,59.208333333333336
2025-03-10,VALDEMORO,59.208333333333336
2025-03-25,MÓSTOLES,59.166666666666664
2025-03-30,ALCORCÓN,59.130434782608695
2025-03-18,MÓSTOLES,59.0
2025-03-27,ALCOBENDAS,58.958333333333336
2025-03-01,ARGANDA DEL REY,58.916666666666664
2025-03-25,"ROZAS, LAS",58.916666666666664
2025-03-28,LEGANÉS,58.875
2025-03-16,COSLADA,58.791666666666664
2025-03-07,PARLA,58.75
2025-03-02,MÓSTOLES,58.416666666666664
2025-03-26,TORREJÓN DE ARDOZ,58.375
2025-03-29,PARLA,58.291666666666664
2025-03-25,ARGANDA DEL REY,58.291666666666664
2025-03-24,POZUELO DE ALARCÓN,58.291666666666664
2025-03-12,VILLA DEL PRADO,58.291666666666664
2025-03-04,ARANJUEZ,58.291666666666664
2025-03-04,SAN SEBASTIÁN DE LOS REYES,58.25
2025-03-04,COLLADO VILLALBA,58.125
2025-03-19,LEGANÉS,58.125
2025-03-03,"ROZAS, LAS",58.041666666666664
2025-03-13,"ROZAS, LAS",57.958333333333336
2025-03-29,GETAFE,57.958333333333336
2025-03-05,COLLADO VILLALBA,57.875
2025-03-18,PARLA,57.869565217391305
2025-03-10,VILLA DEL PRADO,57.833333333333336
2025-03-13,VILLA DEL PRADO,57.833333333333336
2025-03-12,ALGETE,57.791666666666664
2025-03-06,"ROZAS, LAS",57.625
2025-03-09,SAN MARTÍN DE VALDEIGLESIAS,57.625
2025-03-11,SAN MARTÍN DE VALDEIGLESIAS,57.583333333333336
2025-03-26,VALDEMORO,57.57142857142857
2025-03-26,FUENLABRADA,57.541666666666664
2025-03-23,COSLADA,57.541666666666664
2025-03-13,SAN SEBASTIÁN DE LOS REYES,57.5
2025-03-16,COLLADO VILLALBA,57.458333333333336
2025-03-10,"ROZAS, LAS",57.421052631578945
2025-03-28,ARANJUEZ,57.416666666666664
2025-03-13,ALCALÁ DE HENARES,57.416666666666664
2025-03-07,VILLA DEL PRADO,57.375
2025-03-03,GUADALIX DE LA SIERRA,57.375
2025-03-28,ALCORCÓN,57.375
2025-03-13,RIVAS-VACIAMADRID,57.333333333333336
2025-03-07,VALDEMORO,57.291666666666664
2025-03-11,"ROZAS, LAS",57.208333333333336
2025-03-17,ALGETE,57.18181818181818
2025-03-15,VALDEMORO,57.166666666666664
2025-03-23,ALCALÁ DE HENARES,57.041666666666664
2025-03-01,ARANJUEZ,57.0
2025-03-01,VALDEMORO,56.875
2025-03-18,VALDEMORO,56.80952380952381
2025-03-03,COLLADO VILLALBA,56.708333333333336
2025-03-01,POZUELO DE ALARCÓN,56.666666666666664
2025-03-26,SAN MARTÍN DE VALDEIGLESIAS,56.625
2025-03-04,LEGANÉS,56.59090909090909
2025-03-04,MAJADAHONDA,56.583333333333336
2025-03-06,ARGANDA DEL REY,56.5
2025-03-27,ALCALÁ DE HENARES,56.416666666666664
2025-03-06,VILLA DEL PRADO,56.40909090909091
2025-03-27,MÓSTOLES,56.375
2025-03-05,"ROZAS, LAS",56.333333333333336
2025-03-26,ALCORCÓN,56.25
2025-03-15,FUENLABRADA,56.25
2025-03-17,ARANJUEZ,56.208333333333336
2025-03-01,SAN SEBASTIÁN DE LOS REYES,56.125
2025-03-07,ALCORCÓN,56.0
2025-03-26,ALCOBENDAS,55.90909090909091
2025-03-06,VALDEMORO,55.791666666666664
2025-03-28,ALCALÁ DE HENARES,55.791666666666664
2025-03-10,FUENLABRADA,55.791666666666664
2025-03-27,COLLADO VILLALBA,55.77272727272727
2025-03-07,TORREJÓN DE ARDOZ,55.75
2025-03-17,MAJADAHONDA,55.75
2025-03-07,COLLADO VILLALBA,55.72727272727273
2025-03-12,ALCORCÓN,55.625
2025-03-17,GETAFE,55.583333333333336
2025-03-27,FUENLABRADA,55.583333333333336
2025-03-15,ALCORCÓN,55.583333333333336
2025-03-25,RIVAS-VACIAMADRID,55.5
2025-03-01,ALCORCÓN,55.333333333333336
2025-03-01,PARLA,55.291666666666664
2025-03-30,LEGANÉS,55.291666666666664
2025-03-28,SAN SEBASTIÁN DE LOS REYES,55.208333333333336
2025-03-02,VALDEMORO,55.166666666666664
2025-03-04,GUADALIX DE LA SIERRA,55.125
2025-03-06,SAN SEBASTIÁN DE LOS REYES,55.083333333333336
2025-03-07,FUENLABRADA,55.041666666666664
2025-03-02,POZUELO DE ALARCÓN,55.0
2025-03-26,COLLADO VILLALBA,55.0
2025-03-05,VILLA DEL PRADO,54.916666666666664
2025-03-10,GETAFE,54.916666666666664
2025-03-01,FUENLABRADA,54.875
2025-03-27,VALDEMORO,54.875
2025-03-15,ALCOBENDAS,54.833333333333336
2025-03-15,MAJADAHONDA,54.708333333333336
2025-03-28,VALDEMORO,54.666666666666664
2025-03-26,ARANJUEZ,54.65
2025-03-01,COSLADA,54.625
2025-03-19,POZUELO DE ALARCÓN,54.59090909090909
2025-03-11,ALCOBENDAS,54.583333333333336
2025-03-06,RIVAS-VACIAMADRID,54.5
2025-03-27,COSLADA,54.43478260869565
2025-03-18,FUENLABRADA,54.416666666666664
2025-03-16,ALCALÁ DE HENARES,54.416666666666664
2025-03-01,SAN MARTÍN DE VALDEIGLESIAS,54.416666666666664
2025-03-11,RIVAS-VACIAMADRID,54.40909090909091
2025-03-17,"ROZAS, LAS",54.208333333333336
2025-03-12,ARANJUEZ,54.166666666666664
2025-03-02,COSLADA,54.125
2025-03-13,MAJADAHONDA,53.958333333333336
2025-03-11,GETAFE,53.904761904761905
2025-03-10,ALCOBENDAS,53.875
2025-03-05,LEGANÉS,53.875
2025-03-02,PARLA,53.875
2025-03-04,ALCOBENDAS,53.875
2025-03-03,ARANJUEZ,53.85
2025-03-18,COLLADO VILLALBA,53.833333333333336
2025-03-28,MÓSTOLES,53.8
2025-03-01,GETAFE,53.791666666666664
2025-03-27,ALCORCÓN,53.75
2025-03-03,VILLA DEL PRADO,53.708333333333336
2025-03-06,TORREJÓN DE ARDOZ,53.708333333333336
2025-03-25,ALCORCÓN,53.625
2025-03-27,"ROZAS, LAS",53.541666666666664
2025-03-06,MAJADAHONDA,53.458333333333336
2025-03-10,SAN SEBASTIÁN DE LOS REYES,53.43478260869565
2025-03-05,COSLADA,53.375
2025-03-02,ARANJUEZ,53.375
2025-03-25,FUENLABRADA,53.25
2025-03-09,POZUELO DE ALARCÓN,53.166666666666664
2025-03-18,MAJADAHONDA,53.166666666666664
2025-03-18,SAN SEBASTIÁN DE LOS REYES,53.166666666666664
2025-03-01,LEGANÉS,53.083333333333336
2025-03-05,GUADALIX DE LA SIERRA,53.04545454545455
2025-03-24,RIVAS-VACIAMADRID,53.041666666666664
2025-03-03,SAN SEBASTIÁN DE LOS REYES,53.0
2025-03-15,LEGANÉS,52.958333333333336
2025-03-02,GETAFE,52.958333333333336
2025-03-11,SAN SEBASTIÁN DE LOS REYES,52.916666666666664
2025-03-10,SAN MARTÍN DE VALDEIGLESIAS,52.75
2025-03-15,SAN MARTÍN DE VALDEIGLESIAS,52.583333333333336
2025-03-16,SAN SEBASTIÁN DE LOS REYES,52.5
2025-03-26,PARLA,52.416666666666664
2025-03-12,COLLADO VILLALBA,52.333333333333336
2025-03-17,VILLA DEL PRADO,52.26086956521739
2025-03-25,VALDEMORO,52.208333333333336
2025-03-15,TORREJÓN DE ARDOZ,52.166666666666664
2025-03-28,PARLA,52.166666666666664
2025-03-13,VALDEMORO,52.125
2025-03-07,RIVAS-VACIAMADRID,52.083333333333336
2025-03-02,ALCORCÓN,52.041666666666664
2025-03-05,ARANJUEZ,52.041666666666664
2025-03-12,"ROZAS, LAS",52.0
2025-03-28,FUENLABRADA,51.916666666666664
2025-03-05,SAN SEBASTIÁN DE LOS REYES,51.833333333333336
2025-03-15,PARLA,51.791666666666664
2025-03-02,ALCALÁ DE HENARES,51.75
2025-03-03,MAJADAHONDA,51.72727272727273
2025-03-03,LEGANÉS,51.625
2025-03-02,SAN MARTÍN DE VALDEIGLESIAS,51.583333333333336
2025-03-19,SAN MARTÍN DE VALDEIGLESIAS,51.458333333333336
2025-03-02,FUENLABRADA,51.416666666666664
2025-03-29,POZUELO DE ALARCÓN,51.291666666666664
2025-03-27,LEGANÉS,51.208333333333336
2025-03-13,ARANJUEZ,51.208333333333336
2025-03-18,ALCORCÓN,51.166666666666664
2025-03-24,ALCOBENDAS,51.166666666666664
2025-03-11,TORREJÓN DE ARDOZ,51.142857142857146
2025-03-13,ALCORCÓN,51.125
2025-03-01,ALCALÁ DE HENARES,51.041666666666664
2025-03-13,PARLA,51.0
2025-03-12,LEGANÉS,50.958333333333336
2025-03-15,RIVAS-VACIAMADRID,50.916666666666664
2025-03-18,"ROZAS, LAS",50.916666666666664
2025-03-06,ALCOBENDAS,50.875
2025-03-28,GETAFE,50.875
2025-03-27,SAN SEBASTIÁN DE LOS REYES,50.833333333333336
2025-03-27,PARLA,50.791666666666664
2025-03-06,ALCALÁ DE HENARES,50.75
2025-03-03,ARGANDA DEL REY,50.708333333333336
2025-03-17,LEGANÉS,50.68181818181818
2025-03-05,MAJADAHONDA,50.666666666666664
2025-03-28,COSLADA,50.666666666666664
2025-03-06,COLLADO VILLALBA,50.583333333333336
2025-03-10,LEGANÉS,50.54545454545455
2025-03-02,LEGANÉS,50.541666666666664
2025-03-11,LEGANÉS,50.541666666666664
2025-03-25,PARLA,50.416666666666664
2025-03-07,MAJADAHONDA,50.291666666666664
2025-03-30,POZUELO DE ALARCÓN,50.26086956521739
2025-03-26,LEGANÉS,50.166666666666664
2025-03-12,GETAFE,50.125
2025-03-17,GUADALIX DE LA SIERRA,50.041666666666664
2025-03-15,GETAFE,50.041666666666664
2025-03-13,FUENLABRADA,49.958333333333336
2025-03-18,COSLADA,49.916666666666664
2025-03-26,COSLADA,49.875
2025-03-13,COSLADA,49.791666666666664
2025-03-07,ALCALÁ DE HENARES,49.666666666666664
2025-03-12,SAN MARTÍN DE VALDEIGLESIAS,49.625
2025-03-16,POZUELO DE ALARCÓN,49.625
2025-03-07,"ROZAS, LAS",49.541666666666664
2025-03-10,COSLADA,49.38095238095238
2025-03-25,ARANJUEZ,49.375
2025-03-25,SAN SEBASTIÁN DE LOS REYES,49.375
2025-03-11,ALCALÁ DE HENARES,49.25
2025-03-16,SAN MARTÍN DE VALDEIGLESIAS,49.208333333333336
2025-03-13,GETAFE,49.083333333333336
2025-03-18,SAN MARTÍN DE VALDEIGLESIAS,48.91304347826087
2025-03-05,ARGANDA DEL REY,48.904761904761905
2025-03-26,SAN SEBASTIÁN DE LOS REYES,48.833333333333336
2025-03-05,FUENLABRADA,48.76470588235294
2025-03-17,ALCOBENDAS,48.666666666666664
2025-03-13,COLLADO VILLALBA,48.625
2025-03-13,LEGANÉS,48.625
2025-03-26,ALCALÁ DE HENARES,48.625
2025-03-05,MÓSTOLES,48.5
2025-03-04,MÓSTOLES,48.5
2025-03-12,COSLADA,48.416666666666664
2025-03-15,"ROZAS, LAS",48.375
2025-03-03,RIVAS-VACIAMADRID,48.25
2025-03-06,COSLADA,48.0
2025-03-13,POZUELO DE ALARCÓN,47.86363636363637
2025-03-06,SAN MARTÍN DE VALDEIGLESIAS,47.833333333333336
2025-03-07,SAN MARTÍN DE VALDEIGLESIAS,47.791666666666664
2025-03-06,MÓSTOLES,47.78947368421053
2025-03-17,FUENLABRADA,47.708333333333336
2025-03-10,POZUELO DE ALARCÓN,47.708333333333336
2025-03-25,GETAFE,47.7
2025-03-04,TORREJÓN DE ARDOZ,47.583333333333336
2025-03-04,ALCORCÓN,47.23809523809524
2025-03-03,ALCOBENDAS,47.0
2025-03-15,COSLADA,46.958333333333336
2025-03-04,VALDEMORO,46.708333333333336
2025-03-18,ALCOBENDAS,46.708333333333336
2025-03-18,GETAFE,46.68181818181818
2025-03-13,SAN MARTÍN DE VALDEIGLESIAS,46.608695652173914
2025-03-17,COLLADO VILLALBA,46.416666666666664
2025-03-06,PARLA,46.166666666666664
2025-03-04,ARGANDA DEL REY,46.0
2025-03-25,COSLADA,45.791666666666664
2025-03-03,SAN MARTÍN DE VALDEIGLESIAS,45.708333333333336
2025-03-05,ALCOBENDAS,45.666666666666664
2025-03-11,POZUELO DE ALARCÓN,45.583333333333336
2025-03-17,SAN SEBASTIÁN DE LOS REYES,45.54545454545455
2025-03-03,TORREJÓN DE ARDOZ,45.5
2025-03-15,ALCALÁ DE HENARES,45.416666666666664
2025-03-03,FUENLABRADA,45.208333333333336
2025-03-04,COSLADA,45.208333333333336
2025-03-05,TORREJÓN DE ARDOZ,45.083333333333336
2025-03-28,POZUELO DE ALARCÓN,44.916666666666664
2025-03-11,COSLADA,44.791666666666664
2025-03-15,SAN SEBASTIÁN DE LOS REYES,44.75
2025-03-05,PARLA,44.708333333333336
2025-03-25,LEGANÉS,44.666666666666664
2025-03-24,TORREJÓN DE ARDOZ,44.583333333333336
2025-03-25,ALCALÁ DE HENARES,44.583333333333336
2025-03-18,LEGANÉS,44.458333333333336
2025-03-07,ALCOBENDAS,44.36842105263158
2025-03-05,RIVAS-VACIAMADRID,44.22727272727273
2025-03-07,GETAFE,44.208333333333336
2025-03-04,RIVAS-VACIAMADRID,44.095238095238095
2025-03-24,ALCALÁ DE HENARES,44.04545454545455
2025-03-06,FUENLABRADA,43.958333333333336
2025-03-06,ALCORCÓN,43.875
2025-03-12,ALCOBENDAS,43.791666666666664
2025-03-07,LEGANÉS,43.708333333333336
2025-03-04,SAN MARTÍN DE VALDEIGLESIAS,43.583333333333336
2025-03-17,COSLADA,43.416666666666664
2025-03-12,SAN SEBASTIÁN DE LOS REYES,43.0
2025-03-04,POZUELO DE ALARCÓN,42.875
2025-03-04,GETAFE,42.875
2025-03-05,VALDEMORO,42.541666666666664
2025-03-04,FUENLABRADA,42.5
2025-03-05,ALCORCÓN,42.208333333333336
2025-03-17,TORREJÓN DE ARDOZ,42.0
2025-03-18,POZUELO DE ALARCÓN,41.958333333333336
2025-03-03,PARLA,41.916666666666664
2025-03-07,SAN SEBASTIÁN DE LOS REYES,41.75
2025-03-17,PARLA,41.666666666666664
2025-03-15,COLLADO VILLALBA,41.583333333333336
2025-03-17,POZUELO DE ALARCÓN,41.541666666666664
2025-03-12,POZUELO DE ALARCÓN,41.5
2025-03-12,ALCALÁ DE HENARES,41.375
2025-03-17,MÓSTOLES,41.375
2025-03-07,COSLADA,41.25
2025-03-12,RIVAS-VACIAMADRID,41.095238095238095
2025-03-04,PARLA,41.05263157894737
2025-03-17,ARGANDA DEL REY,40.791666666666664
2025-03-24,SAN SEBASTIÁN DE LOS REYES,40.72727272727273
2025-03-03,VALDEMORO,40.59090909090909
2025-03-17,RIVAS-VACIAMADRID,40.375
2025-03-06,GETAFE,40.333333333333336
2025-03-12,TORREJÓN DE ARDOZ,40.208333333333336
2025-03-05,GETAFE,40.125
2025-03-03,MÓSTOLES,40.0
2025-03-17,ALCORCÓN,39.68181818181818
2025-03-17,SAN MARTÍN DE VALDEIGLESIAS,39.041666666666664
2025-03-03,POZUELO DE ALARCÓN,38.69565217391305
2025-03-03,COSLADA,38.666666666666664
2025-03-26,POZUELO DE ALARCÓN,38.52173913043478
2025-03-03,GETAFE,38.4
2025-03-25,POZUELO DE ALARCÓN,38.166666666666664
2025-03-03,ALCORCÓN,38.041666666666664
2025-03-05,ALCALÁ DE HENARES,37.041666666666664
2025-03-27,POZUELO DE ALARCÓN,36.958333333333336
2025-03-04,ALCALÁ DE HENARES,36.958333333333336
2025-03-06,POZUELO DE ALARCÓN,36.791666666666664
2025-03-05,SAN MARTÍN DE VALDEIGLESIAS,36.35
2025-03-05,POZUELO DE ALARCÓN,35.833333333333336
2025-03-17,ALCALÁ DE HENARES,35.285714285714285
2025-03-03,ALCALÁ DE HENARES,34.81818181818182
2025-03-07,POZUELO DE ALARCÓN,34.708333333333336
2025-03-17,VALDEMORO,34.5
2025-03-15,POZUELO DE ALARCÓN,34.25
